acs-clean.co.uk	advanced cleaning technology ltd	01223 813475	info@advancedcleaningservices.co.uk
artofclean.co.uk	art of clean uk	01223 863 632;01223 863632	
autokare-cambridge.co.uk	Other Services – AutoKare Cambridge	01223 412 772	
blackwell.co.uk	heffers	01223 463200	
brunswick.cambs.sch.uk	Brunswick Nursery School, Cambridge	01223 508790	
cambridgeacademictuition.co.uk	cambridge academic tuition	07932 677933	info@cambridgeacademictuition.co.uk
cambridgeacademy.co.uk	cambridge academy of english (cae)	01223 277 230;01223 277230	cae@cambridgeacademy.co.uk
cambridgecleans.co.uk	Refreshingly Different	01480 630 180;01480630180	
cambridgeclearbeauty.co.uk	cambridge clear beauty limited	01223 214 960	
cambridgeconcours.com	Cambridge Concours Home - Cambridge Concours 2024	07572 510313;07920522005	
cambridgecyclecompany.co.uk	cambridge cycle company	01223 839300	
cambridgeimprint.co.uk	cambridge imprint	01223 921 991;07732 131135	
cambridgelanguageassociates.com	business english language school	01223 755751	info@tefl-course.net
cambridgelaserclinic.com	dr nathan holt - cambridge laser clinic	01223 789 900;01223 789900	
cambridgemakers.org	Weekly Jewellery and Silversmithing Courses	01223 890308	cambridgeartmakers@gmail.com;info@cambridgewoodwindmakers.org
cambridgeosteopathy.co.uk	Cambridge Osteopathy – Osteopathy and Sports Massage	07986 767702	cambridgeosteopathy@gmail.com
cambridgepeacefulpets.com	About Us | Cambridge Peaceful P	07907 903521	
cambridgepianos.co.uk	cambridge pianoforte	01223 424 007;01223 424007	info@cambridgemusic.net
cambridgesigncompany.co.uk	the cambridge sign company	01223 581 400;01223 581400	sales@cambridgesigncompany.co.uk
cambscuisine.co.uk	cambscuisine	01480 463609	
camlang.co.uk	the cambridge centre for languages limited	01223 470535	info@camlang.co.uk
chameleonstudios.co.uk	chameleon studios ltd	01223 232192	hello@chameleonstudios.co.uk
childbasepartnership.com	Cambridgeshire Archives	01223 483991	westcambridge.nursery@childbase.com
christinemariecare.co.uk	Christine Marie Care  | Best carer company in Cambridge | Homecare and	01223751362	office@christinemariecare.co.uk
citiservi.co.uk	JP Soft Furnishings, Cambridge | Upholsterers Citiservi UK	01223211274;01223312374	
cosmexclinic.co.uk	cosmex clinic	01223 846363	info@cosmexclinic.co.uk
cuckoo-bridge.com	Home ⋆ Cuckoo Bridge Nursery & Farm Shop	01480 279 236	
cvsvets.com	Arbury Road Veterinary Centre | CVS Vets	01223 361 911	
cyclecentric.com	Cyclecentric | Tandem and Innovative Cycle Centre | Home	01954 782020	
eclipsedesigncambridge.co.uk	eclipse designcambridge	01954 201983;07765 878814	
eoevets.com	East of England Veterinary Specialists: Veterinary Referral ...	01223 795023	
freewheel.co.uk	Cambridge Cycle Co	01223 839300	
gardencentreguide.co.uk	Garden centre Darwin Nurseries & Farm Shop in Cambridge opening hours 	01223293911	
gardenfarmflowers.co.uk	Flower grower in Huntingdon, Cambs. Pick your own. Garden Farm Flowers	07814 449799;07814449799	owgardenfarm@hotmail.co.uk
gbscleaning.co.uk	gbs cleaning	01480 367 095;01480 367095	info@gbscleaning.co.uk
gda.dance	generations dance academy	01480 434625;07930 608806	studio@gda.com;studio@gda.dance
goldstraw.co.uk	goldstraw goldsmiths	01480 407704	sales@goldstraw.co.uk
grantavets.co.uk	granta veterinary specialists	01223 608 213	hello@grantavets.co.uk
heathfruitfarm.co.uk	Heath Fruit Farm	07717441620	enquiries@heathfruitfarm.co.uk
highfieldeventgroup.com	the highfield event group ltd	01638 743 860	info@thehighfieldgroup.co.uk
hungryfoody.com	Scotsdales: Garden Centre Dining Gem - HungryFoody	01223842777	
irisandviolet.shop	iris & violet	01223 359313	
ironingshop.co.uk	the ironing shop.	07920 092136	enquiries@ironingshop.co.uk
karensgrooming.co.uk	Dog groomer | Karen's Grooming	07803 548 573	karensgrooming@hotmail.co.uk
karimwellness.com	Cambridge acupressure and deep tissue massage therapy | Karim Wellness	07960830760	
kcskriscleaningservices.co.uk	Cleaning Services Cambridge, Newmarket & Ely | KCS Kris Cleaning Servi	01223 944046	
kindrednurseries.co.uk	Kindred Cambridge | Nursery & Preschool	01223 631 689	
kingswaycycles.com	Kingsway Cycles Central Cambridge :: Kingsway Cycles	01223 355852	
lifeonabikestore.co.uk	life on a bike	01223 576545	hello@lifeonabikestore.co.uk
lighthousetoys.com	cambridge lighthouse limited	01223 236596	
makespace.org	makespace	01223 324379	
medivetgroup.com	Vet in St Ives Cambridge | Open Saturdays | Medivet	01480 463170	
montessoricambridge.co.uk	Cambridge Montessori Nursery School / Independent Day Nursery in Cambr	01223 342572	office@montessoricambridge.co.uk
movefreechiropractic.co.uk	Top-Rated Cambridge Chiropractor | Chiropractic - Cambridge	07405 426244	
mylittlecleaning.co	my little cleaning company	01480 630 150	jennie@mylittlecleaningcompany.co.uk
oakingtondogdaycare.co.uk	Oakington Dog Day Care Centre, About	07729 677262;07762 434076	
offgriddesign.co.uk	off grid design ltd	01223 750565	jez@offgriddesign.co.uk
opencorpdata.com	Scotsdales Garden Centre & Nursery Fordham · Market St, Fordham, Ely C	01638 720455	
oxbowandpeach.co.uk	Oxbow and Peach	07749 408444	info@oxbowandpeach.co.uk
passionatepawsdog.com	Passionate Paws Dog Services in Cambridge	07487 587279	
peasgoodandskeates.co.uk	Your Local Funeral Directors of Choice - Peasgood and Skeates	01223 415255;01223 791060	
printcambridge.co.uk	minuteman press cambridge	01223 312 688	studio@minutemanpress.com
questbrothersclassiccars.com	quest brothers classic cars	01480 700750	info@questbrothersclassiccars.com
reform-fit.co.uk	Reform Fit: Cambridge - Saffron Walden - Pilates, Yoga	01799 530 650	
regency-autos.co.uk	Regency Autos	01223 324050	
regencyfuneraldirectors.co.uk	Caring Family-Run Team | Regency Funeral Directors	01480 759 408	
roystonmarqueehire.co.uk	Party Marquees, Birthdays, Anniversaries, Cambridgeshire, Bedfordshire	01223 926747	enquiries@roystonmarqueehire.co.uk
sarahkeybooks.co.uk	Sarah Key Books - The Haunted Bookshop	07720 146679	
savvy-design.co.uk	Website & Logo Designer Near Me - Website Design Cambridge UK | Savvy 	01223 570 730;07976 170 729	
scotsdales.com	Homepage - Scotsdales	01223 842777;01223 860320	
sportscentre.perse.co.uk	Perse Sports Centre - The Perse School	01223 403977	sportscentre@perse.co.uk;swimschool@perse.co.uk
sportsshopuk.co.uk	Tennis Shop Cambridge - Top Spin Tennis - Professional Racket Stringin	01223 241956	
tekmotiv.co.uk	Tekmotiv | Electric Bike Shop | Cambridge | Home	01799 525777	
tevershammotors.co.uk	Teversham Motors, Cambridge, UK - Classic and Kit Cars	01223 293041	enquiry@tevershammotors.co.uk
theentertainmentguide.co.uk	Cellini Jewellery - The Entertainment Guide	01223 517700	
thefields.cambs.sch.uk	The Fields Nursery School - Cambridge	01223 518333	office@thefields.cambs.sch.uk
tradesmenup.co.uk	Alessio Maiorana & Sons Cambridge | Upholstery | Furniture	01223 845448	
traditionalrestorationscambridge.co.uk	Furniture restorer | Traditional Restorations	07932 611184	
trotteranddeane.co.uk	trotter & deane	01223 603050	bury@trotteranddeane.com;cambridge@trotteranddeane.com
twitchettarchitect.com	Chartered Riba Architect in Cambridge Extensions residentail private c	07711 563090	
unilocal.net	Relief Chiropractic – Cambridge, Grain House Mill Court G… (Reviews, a	01223 459240	
vets4pets.com	Cambridge Beehive Vets | Open Saturday & Sunday | Vets for Pets	01223 656 965	
wexphotovideo.com	Wex Photo Video Cambridge | Wex Photo Video	01223 650287	
whitewonderselypetservices.co.uk	Dog Training, Walking and Pet Sitting Services in Ely, Cambs	07445377175	info@whitewonderselypetservices.co.uk
willinghamfuneralservice.co.uk	Funeral directors | Willingham Funeral Service	01954 261 999	
willowgrange.co.uk	willow grange tackle and bait	01353 649573	
